art	name	status	exit	sekunden	maxrss_mib	beleg
native	test_abfahren.py	OK	0	1.773	456.281	/home/manuel/freecad_cam/ergebnisse/abgabe-2026-10-09/gesamtstand-v3/native/test_abfahren.log
native	test_aktualisierung.py	OK	0	0.721	53.316	/home/manuel/freecad_cam/ergebnisse/abgabe-2026-10-09/gesamtstand-v3/native/test_aktualisierung.log
native	test_angestellt.py	OK	0	38.941	637.992	/home/manuel/freecad_cam/ergebnisse/abgabe-2026-10-09/gesamtstand-v3/native/test_angestellt.log
native	test_anstellung_gesamt.py	OK	0	0.284	85.461	/home/manuel/freecad_cam/ergebnisse/abgabe-2026-10-09/gesamtstand-v3/native/test_anstellung_gesamt.log
native	test_bahnzugang.py	OK	0	1.670	430.969	/home/manuel/freecad_cam/ergebnisse/abgabe-2026-10-09/gesamtstand-v3/native/test_bahnzugang.log
native	test_beispielmaschine.py	OK	0	1.392	197.938	/home/manuel/freecad_cam/ergebnisse/abgabe-2026-10-09/gesamtstand-v3/native/test_beispielmaschine.log
native	test_bestueckung.py	OK	0	1.223	378.770	/home/manuel/freecad_cam/ergebnisse/abgabe-2026-10-09/gesamtstand-v3/native/test_bestueckung.log
native	test_bleistift.py	OK	0	7.618	440.887	/home/manuel/freecad_cam/ergebnisse/abgabe-2026-10-09/gesamtstand-v3/native/test_bleistift.log
native	test_bohren.py	OK	0	1.308	405.348	/home/manuel/freecad_cam/ergebnisse/abgabe-2026-10-09/gesamtstand-v3/native/test_bohren.log
native	test_bohrung.py	OK	0	1.893	419.457	/home/manuel/freecad_cam/ergebnisse/abgabe-2026-10-09/gesamtstand-v3/native/test_bohrung.log
native	test_cam_formen.py	OK	0	4.460	164.938	/home/manuel/freecad_cam/ergebnisse/abgabe-2026-10-09/gesamtstand-v3/native/test_cam_formen.log
native	test_ebenen_auslassen.py	OK	0	57.804	776.789	/home/manuel/freecad_cam/ergebnisse/abgabe-2026-10-09/gesamtstand-v3/native/test_ebenen_auslassen.log
native	test_einheiten.py	OK	0	0.138	48.070	/home/manuel/freecad_cam/ergebnisse/abgabe-2026-10-09/gesamtstand-v3/native/test_einheiten.log
native	test_entgraten.py	OK	0	1.465	418.004	/home/manuel/freecad_cam/ergebnisse/abgabe-2026-10-09/gesamtstand-v3/native/test_entgraten.log
native	test_entgraten3d.py	OK	0	35.148	518.285	/home/manuel/freecad_cam/ergebnisse/abgabe-2026-10-09/gesamtstand-v3/native/test_entgraten3d.log
native	test_export.py	NICHT_VERFUEGBAR	0	0.183	48.695	/home/manuel/freecad_cam/ergebnisse/abgabe-2026-10-09/gesamtstand-v3/native/test_export.log
native	test_fahrzeit.py	OK	0	0.180	47.855	/home/manuel/freecad_cam/ergebnisse/abgabe-2026-10-09/gesamtstand-v3/native/test_fahrzeit.log
native	test_fase.py	OK	0	2.477	423.680	/home/manuel/freecad_cam/ergebnisse/abgabe-2026-10-09/gesamtstand-v3/native/test_fase.log
native	test_flanke.py	OK	0	16.728	449.867	/home/manuel/freecad_cam/ergebnisse/abgabe-2026-10-09/gesamtstand-v3/native/test_flanke.log
native	test_fraeserform.py	OK	0	1.694	130.812	/home/manuel/freecad_cam/ergebnisse/abgabe-2026-10-09/gesamtstand-v3/native/test_fraeserform.log
native	test_freiwege.py	OK	0	0.743	110.777	/home/manuel/freecad_cam/ergebnisse/abgabe-2026-10-09/gesamtstand-v3/native/test_freiwege.log
native	test_gewinde.py	OK	0	1.259	404.910	/home/manuel/freecad_cam/ergebnisse/abgabe-2026-10-09/gesamtstand-v3/native/test_gewinde.log
native	test_gewindefraesen.py	OK	0	1.477	408.578	/home/manuel/freecad_cam/ergebnisse/abgabe-2026-10-09/gesamtstand-v3/native/test_gewindefraesen.log
native	test_goldene_bahnen.py	OK	0	6.085	210.555	/home/manuel/freecad_cam/ergebnisse/abgabe-2026-10-09/gesamtstand-v3/native/test_goldene_bahnen.log
native	test_halter.py	OK	0	0.245	82.996	/home/manuel/freecad_cam/ergebnisse/abgabe-2026-10-09/gesamtstand-v3/native/test_halter.log
native	test_hilfe.py	OK	0	0.208	48.664	/home/manuel/freecad_cam/ergebnisse/abgabe-2026-10-09/gesamtstand-v3/native/test_hilfe.log
native	test_installieren.py	OK	0	0.885	99.379	/home/manuel/freecad_cam/ergebnisse/abgabe-2026-10-09/gesamtstand-v3/native/test_installieren.log
native	test_job_schnittwerte.py	OK	0	1.527	399.523	/home/manuel/freecad_cam/ergebnisse/abgabe-2026-10-09/gesamtstand-v3/native/test_job_schnittwerte.log
native	test_kette.py	OK	0	1.024	172.727	/home/manuel/freecad_cam/ergebnisse/abgabe-2026-10-09/gesamtstand-v3/native/test_kette.log
native	test_kinematik.py	OK	0	0.666	192.824	/home/manuel/freecad_cam/ergebnisse/abgabe-2026-10-09/gesamtstand-v3/native/test_kinematik.log
native	test_kollision.py	OK	0	4.618	455.637	/home/manuel/freecad_cam/ergebnisse/abgabe-2026-10-09/gesamtstand-v3/native/test_kollision.log
native	test_kontur.py	OK	0	6.625	423.457	/home/manuel/freecad_cam/ergebnisse/abgabe-2026-10-09/gesamtstand-v3/native/test_kontur.log
native	test_magazin.py	OK	0	0.191	49.008	/home/manuel/freecad_cam/ergebnisse/abgabe-2026-10-09/gesamtstand-v3/native/test_magazin.log
native	test_maschine.py	OK	0	0.584	174.711	/home/manuel/freecad_cam/ergebnisse/abgabe-2026-10-09/gesamtstand-v3/native/test_maschine.log
native	test_maschinenspeicher.py	OK	0	0.823	193.512	/home/manuel/freecad_cam/ergebnisse/abgabe-2026-10-09/gesamtstand-v3/native/test_maschinenspeicher.log
native	test_materialstand.py	OK	0	32.560	541.523	/home/manuel/freecad_cam/ergebnisse/abgabe-2026-10-09/gesamtstand-v3/native/test_materialstand.log
native	test_nut.py	OK	0	3.042	417.082	/home/manuel/freecad_cam/ergebnisse/abgabe-2026-10-09/gesamtstand-v3/native/test_nut.log
native	test_nut_offen.py	OK	0	6.845	198.391	/home/manuel/freecad_cam/ergebnisse/abgabe-2026-10-09/gesamtstand-v3/native/test_nut_offen.log
native	test_planfraesen.py	OK	0	3.694	412.512	/home/manuel/freecad_cam/ergebnisse/abgabe-2026-10-09/gesamtstand-v3/native/test_planfraesen.log
native	test_postprozessor.py	OK	0	2.045	465.859	/home/manuel/freecad_cam/ergebnisse/abgabe-2026-10-09/gesamtstand-v3/native/test_postprozessor.log
native	test_programm_pruefen.py	OK	0	0.358	100.605	/home/manuel/freecad_cam/ergebnisse/abgabe-2026-10-09/gesamtstand-v3/native/test_programm_pruefen.log
native	test_programmkopf.py	OK	0	1.265	414.273	/home/manuel/freecad_cam/ergebnisse/abgabe-2026-10-09/gesamtstand-v3/native/test_programmkopf.log
native	test_pruefstand.py	OK	0	39.651	304.934	/home/manuel/freecad_cam/ergebnisse/abgabe-2026-10-09/gesamtstand-v3/native/test_pruefstand.log
native	test_quader.py	OK	0	1.641	462.379	/home/manuel/freecad_cam/ergebnisse/abgabe-2026-10-09/gesamtstand-v3/native/test_quader.log
native	test_raeumen.py	OK	0	46.824	502.723	/home/manuel/freecad_cam/ergebnisse/abgabe-2026-10-09/gesamtstand-v3/native/test_raeumen.log
native	test_raum_bahn.py	VORGEPRUEFT	0	0.062		/home/manuel/freecad_cam/ergebnisse/abgabe-2026-10-09/gesamtstand-v3/native/test_raum_bahn.log
native	test_raum_material.py	OK	0	54.721	627.250	/home/manuel/freecad_cam/ergebnisse/abgabe-2026-10-09/gesamtstand-v3/native/test_raum_material.log
native	test_reiben.py	OK	0	1.253	404.824	/home/manuel/freecad_cam/ergebnisse/abgabe-2026-10-09/gesamtstand-v3/native/test_reiben.log
native	test_reichweite.py	OK	0	1.960	456.879	/home/manuel/freecad_cam/ergebnisse/abgabe-2026-10-09/gesamtstand-v3/native/test_reichweite.log
native	test_rest.py	OK	0	1.898	403.953	/home/manuel/freecad_cam/ergebnisse/abgabe-2026-10-09/gesamtstand-v3/native/test_rest.log
native	test_restmaterial.py	OK	0	6.415	553.336	/home/manuel/freecad_cam/ergebnisse/abgabe-2026-10-09/gesamtstand-v3/native/test_restmaterial.log
native	test_restschlichten.py	OK	0	22.473	495.473	/home/manuel/freecad_cam/ergebnisse/abgabe-2026-10-09/gesamtstand-v3/native/test_restschlichten.log
native	test_restschruppen.py	OK	0	7.893	524.582	/home/manuel/freecad_cam/ergebnisse/abgabe-2026-10-09/gesamtstand-v3/native/test_restschruppen.log
native	test_rundachsen_din.py	OK	0	1.577	205.852	/home/manuel/freecad_cam/ergebnisse/abgabe-2026-10-09/gesamtstand-v3/native/test_rundachsen_din.log
native	test_rundung.py	OK	0	3.896	436.969	/home/manuel/freecad_cam/ergebnisse/abgabe-2026-10-09/gesamtstand-v3/native/test_rundung.log
native	test_schlichten3d.py	OK	0	47.716	542.020	/home/manuel/freecad_cam/ergebnisse/abgabe-2026-10-09/gesamtstand-v3/native/test_schlichten3d.log
native	test_schnittdaten.py	OK	0	0.171	47.301	/home/manuel/freecad_cam/ergebnisse/abgabe-2026-10-09/gesamtstand-v3/native/test_schnittdaten.log
native	test_schraege_achse.py	OK	0	0.945	177.582	/home/manuel/freecad_cam/ergebnisse/abgabe-2026-10-09/gesamtstand-v3/native/test_schraege_achse.log
native	test_schruppen3d.py	OK	0	18.971	578.363	/home/manuel/freecad_cam/ergebnisse/abgabe-2026-10-09/gesamtstand-v3/native/test_schruppen3d.log
native	test_schruppen3d_anlauf.py	OK	0	8.563	477.348	/home/manuel/freecad_cam/ergebnisse/abgabe-2026-10-09/gesamtstand-v3/native/test_schruppen3d_anlauf.log
native	test_schruppwerte.py	OK	0	0.522	171.180	/home/manuel/freecad_cam/ergebnisse/abgabe-2026-10-09/gesamtstand-v3/native/test_schruppwerte.log
native	test_schwenken_maschinen.py	OK	0	3.054	466.695	/home/manuel/freecad_cam/ergebnisse/abgabe-2026-10-09/gesamtstand-v3/native/test_schwenken_maschinen.log
native	test_senken.py	OK	0	1.327	405.117	/home/manuel/freecad_cam/ergebnisse/abgabe-2026-10-09/gesamtstand-v3/native/test_senken.log
native	test_simultan.py	OK	0	4.021	447.602	/home/manuel/freecad_cam/ergebnisse/abgabe-2026-10-09/gesamtstand-v3/native/test_simultan.log
native	test_simultan_abtrag.py	OK	0	2.713	185.688	/home/manuel/freecad_cam/ergebnisse/abgabe-2026-10-09/gesamtstand-v3/native/test_simultan_abtrag.log
native	test_simultan_bereiche.py	VORGEPRUEFT	0	0.087		/home/manuel/freecad_cam/ergebnisse/abgabe-2026-10-09/gesamtstand-v3/native/test_simultan_bereiche.log
native	test_simultan_export_referenz.py	VORGEPRUEFT	0	0.080		/home/manuel/freecad_cam/ergebnisse/abgabe-2026-10-09/gesamtstand-v3/native/test_simultan_export_referenz.log
native	test_simultan_folge.py	VORGEPRUEFT	0	0.064		/home/manuel/freecad_cam/ergebnisse/abgabe-2026-10-09/gesamtstand-v3/native/test_simultan_folge.log
native	test_simultan_gesamt.py	OK	0	1580.464	7043.773	/home/manuel/freecad_cam/ergebnisse/abgabe-2026-10-09/gesamtstand-v3/native/test_simultan_gesamt.log
native	test_simultan_maschinen.py	OK	0	4.045	458.746	/home/manuel/freecad_cam/ergebnisse/abgabe-2026-10-09/gesamtstand-v3/native/test_simultan_maschinen.log
native	test_simultan_nc.py	OK	0	198.634	5030.809	/home/manuel/freecad_cam/ergebnisse/abgabe-2026-10-09/gesamtstand-v3/native/test_simultan_nc.log
native	test_simultan_restbild.py	OK	0	9.955	566.043	/home/manuel/freecad_cam/ergebnisse/abgabe-2026-10-09/gesamtstand-v3/native/test_simultan_restbild.log
native	test_simultan_schnittbereiche.py	VORGEPRUEFT	0	0.079		/home/manuel/freecad_cam/ergebnisse/abgabe-2026-10-09/gesamtstand-v3/native/test_simultan_schnittbereiche.log
native	test_simultan_schnittbereiche_lang.py	VORGEPRUEFT	0	0.072		/home/manuel/freecad_cam/ergebnisse/abgabe-2026-10-09/gesamtstand-v3/native/test_simultan_schnittbereiche_lang.log
native	test_spannung.py	OK	0	1.474	431.152	/home/manuel/freecad_cam/ergebnisse/abgabe-2026-10-09/gesamtstand-v3/native/test_spannung.log
native	test_sprache.py	VORGEPRUEFT	0	0.062		/home/manuel/freecad_cam/ergebnisse/abgabe-2026-10-09/gesamtstand-v3/native/test_sprache.log
native	test_stirnseite.py	OK	0	1.703	462.973	/home/manuel/freecad_cam/ergebnisse/abgabe-2026-10-09/gesamtstand-v3/native/test_stirnseite.log
native	test_testteil.py	OK	0	59.719	334.168	/home/manuel/freecad_cam/ergebnisse/abgabe-2026-10-09/gesamtstand-v3/native/test_testteil.log
native	test_uebergabe_werkzeuge.py	OK	0	0.636	156.031	/home/manuel/freecad_cam/ergebnisse/abgabe-2026-10-09/gesamtstand-v3/native/test_uebergabe_werkzeuge.log
native	test_umgebung.py	OK	0	0.573	145.652	/home/manuel/freecad_cam/ergebnisse/abgabe-2026-10-09/gesamtstand-v3/native/test_umgebung.log
native	test_verfahren.py	OK	0	0.545	171.051	/home/manuel/freecad_cam/ergebnisse/abgabe-2026-10-09/gesamtstand-v3/native/test_verfahren.log
native	test_version.py	OK	0	0.182	46.922	/home/manuel/freecad_cam/ergebnisse/abgabe-2026-10-09/gesamtstand-v3/native/test_version.log
native	test_vierachs_achsen.py	OK	0	0.670	179.113	/home/manuel/freecad_cam/ergebnisse/abgabe-2026-10-09/gesamtstand-v3/native/test_vierachs_achsen.log
native	test_vierachs_bahn.py	OK	0	9.489	262.707	/home/manuel/freecad_cam/ergebnisse/abgabe-2026-10-09/gesamtstand-v3/native/test_vierachs_bahn.log
native	test_vierachs_entgraten.py	OK	0	2.301	415.074	/home/manuel/freecad_cam/ergebnisse/abgabe-2026-10-09/gesamtstand-v3/native/test_vierachs_entgraten.log
native	test_vierachs_flaechen.py	OK	0	0.449	136.383	/home/manuel/freecad_cam/ergebnisse/abgabe-2026-10-09/gesamtstand-v3/native/test_vierachs_flaechen.log
native	test_vierachs_frei.py	OK	0	19.818	575.062	/home/manuel/freecad_cam/ergebnisse/abgabe-2026-10-09/gesamtstand-v3/native/test_vierachs_frei.log
native	test_vierachs_huelle.py	OK	0	1.852	116.926	/home/manuel/freecad_cam/ergebnisse/abgabe-2026-10-09/gesamtstand-v3/native/test_vierachs_huelle.log
native	test_vierachs_operation.py	OK	0	3.314	401.383	/home/manuel/freecad_cam/ergebnisse/abgabe-2026-10-09/gesamtstand-v3/native/test_vierachs_operation.log
native	test_vierachs_pruefen.py	OK	0	7.642	460.348	/home/manuel/freecad_cam/ergebnisse/abgabe-2026-10-09/gesamtstand-v3/native/test_vierachs_pruefen.log
native	test_vierachs_rohteil.py	OK	0	1.241	407.219	/home/manuel/freecad_cam/ergebnisse/abgabe-2026-10-09/gesamtstand-v3/native/test_vierachs_rohteil.log
native	test_vierachs_schlichten.py	OK	0	89.009	553.336	/home/manuel/freecad_cam/ergebnisse/abgabe-2026-10-09/gesamtstand-v3/native/test_vierachs_schlichten.log
native	test_vierachs_schlichten_op.py	OK	0	15.531	708.297	/home/manuel/freecad_cam/ergebnisse/abgabe-2026-10-09/gesamtstand-v3/native/test_vierachs_schlichten_op.log
native	test_viewer.py	OK	0	0.636	73.234	/home/manuel/freecad_cam/ergebnisse/abgabe-2026-10-09/gesamtstand-v3/native/test_viewer.log
native	test_vorschau_merk.py	OK	0	1.047	423.301	/home/manuel/freecad_cam/ergebnisse/abgabe-2026-10-09/gesamtstand-v3/native/test_vorschau_merk.log
native	test_wegkippen.py	OK	0	126.646	544.039	/home/manuel/freecad_cam/ergebnisse/abgabe-2026-10-09/gesamtstand-v3/native/test_wegkippen.log
native	test_werkstoffe.py	OK	0	0.145	48.168	/home/manuel/freecad_cam/ergebnisse/abgabe-2026-10-09/gesamtstand-v3/native/test_werkstoffe.log
native	test_werkzeuge.py	OK	0	0.222	75.336	/home/manuel/freecad_cam/ergebnisse/abgabe-2026-10-09/gesamtstand-v3/native/test_werkzeuge.log
native	test_werkzeugform.py	OK	0	0.144	47.887	/home/manuel/freecad_cam/ergebnisse/abgabe-2026-10-09/gesamtstand-v3/native/test_werkzeugform.log
native	test_werkzeugkiste.py	OK	0	0.563	52.316	/home/manuel/freecad_cam/ergebnisse/abgabe-2026-10-09/gesamtstand-v3/native/test_werkzeugkiste.log
native	test_werkzeugrichtung.py	OK	0	0.628	194.426	/home/manuel/freecad_cam/ergebnisse/abgabe-2026-10-09/gesamtstand-v3/native/test_werkzeugrichtung.log
native	test_zielzeit.py	OK	0	0.575	122.602	/home/manuel/freecad_cam/ergebnisse/abgabe-2026-10-09/gesamtstand-v3/native/test_zielzeit.log
native	test_schwenken.py	OK	0	51.533	584.301	/home/manuel/freecad_cam/ergebnisse/abgabe-2026-10-09/gesamtstand-v4b/native/test_schwenken.log
native	test_vierachs_plan.py	OK	0	4.756	471.496	/home/manuel/freecad_cam/ergebnisse/abgabe-2026-10-09/gesamtstand-v4b/native/test_vierachs_plan.log
native	test_werkzeuge_aus_cam.py	OK	0	0.918	177.602	/home/manuel/freecad_cam/ergebnisse/abgabe-2026-10-09/gesamtstand-v4b/native/test_werkzeuge_aus_cam.log
native	test_simultan_planung.py	OK	0	1314.806	5111.863	/home/manuel/freecad_cam/ergebnisse/abgabe-2026-10-09/gesamtstand-v4b/native/test_simultan_planung.log
gui	szenario_abfahren	FEHLER	0	13.966	699.246	/home/manuel/freecad_cam/ergebnisse/abgabe-2026-10-09/gesamtstand-v4b/gui/szenario_abfahren/freecad.log
gui	szenario_erster_start	OK	0	12.746	614.844	/home/manuel/freecad_cam/ergebnisse/abgabe-2026-10-09/gesamtstand-v4b/gui/szenario_erster_start/freecad.log
gui	szenario_werkzeugzugang	FEHLER	0	9.459	707.332	/home/manuel/freecad_cam/ergebnisse/abgabe-2026-10-09/gesamtstand-v4b/gui/szenario_werkzeugzugang/freecad.log
gui	szenario_schwenken	OK	0	56.835	850.012	/home/manuel/freecad_cam/ergebnisse/abgabe-2026-10-09/gesamtstand-v4b/gui/szenario_schwenken/freecad.log
gui	szenario_flanke	OK	0	32.567	848.633	/home/manuel/freecad_cam/ergebnisse/abgabe-2026-10-09/gesamtstand-v4b/gui/szenario_flanke/freecad.log
gui	szenario_simultan_schnittbereiche	FEHLER	0	8.127	705.875	/home/manuel/freecad_cam/ergebnisse/abgabe-2026-10-09/gesamtstand-v4b/gui/szenario_simultan_schnittbereiche/freecad.log
gui	szenario_simultan_planung	FEHLER	124	180.135	1726.809	/home/manuel/freecad_cam/ergebnisse/abgabe-2026-10-09/gesamtstand-v4b/gui/szenario_simultan_planung/freecad.log
gui	szenario_simultan_bereiche	FEHLER	0	7.618	696.465	/home/manuel/freecad_cam/ergebnisse/abgabe-2026-10-09/gesamtstand-v4b/gui/szenario_simultan_bereiche/freecad.log
gui	szenario_simultan_restbild	OK	0	18.363	862.266	/home/manuel/freecad_cam/ergebnisse/abgabe-2026-10-09/gesamtstand-v4b/gui/szenario_simultan_restbild/freecad.log
gui	szenario_raum_material	OK	0	65.941	795.363	/home/manuel/freecad_cam/ergebnisse/abgabe-2026-10-09/gesamtstand-v4b/gui/szenario_raum_material/freecad.log
gui	szenario_absatz	OK	0	28.616	764.031	/home/manuel/freecad_cam/ergebnisse/abgabe-2026-10-09/gesamtstand-v4b/gui/szenario_absatz/freecad.log
gui	szenario_an_cam	OK	0	11.118	639.215	/home/manuel/freecad_cam/ergebnisse/abgabe-2026-10-09/gesamtstand-v4b/gui/szenario_an_cam/freecad.log
gui	szenario_angestellt	OK	0	89.512	759.160	/home/manuel/freecad_cam/ergebnisse/abgabe-2026-10-09/gesamtstand-v4b/gui/szenario_angestellt/freecad.log
gui	szenario_aufspannung	OK	0	20.542	721.234	/home/manuel/freecad_cam/ergebnisse/abgabe-2026-10-09/gesamtstand-v4b/gui/szenario_aufspannung/freecad.log
gui	szenario_aus_cam	OK	0	11.466	600.039	/home/manuel/freecad_cam/ergebnisse/abgabe-2026-10-09/gesamtstand-v4b/gui/szenario_aus_cam/freecad.log
gui	szenario_bahnzugang	OK	0	7.887	679.086	/home/manuel/freecad_cam/ergebnisse/abgabe-2026-10-09/gesamtstand-v4b/gui/szenario_bahnzugang/freecad.log
gui	szenario_bearbeitung	OK	0	34.176	742.773	/home/manuel/freecad_cam/ergebnisse/abgabe-2026-10-09/gesamtstand-v4b/gui/szenario_bearbeitung/freecad.log
gui	szenario_bearbeitung_drehmaschine	OK	0	15.380	714.391	/home/manuel/freecad_cam/ergebnisse/abgabe-2026-10-09/gesamtstand-v4b/gui/szenario_bearbeitung_drehmaschine/freecad.log
gui	szenario_bearbeitung_maschine	OK	0	27.346	751.305	/home/manuel/freecad_cam/ergebnisse/abgabe-2026-10-09/gesamtstand-v4b/gui/szenario_bearbeitung_maschine/freecad.log
gui	szenario_bedienung	OK	0	18.504	708.094	/home/manuel/freecad_cam/ergebnisse/abgabe-2026-10-09/gesamtstand-v4b/gui/szenario_bedienung/freecad.log
gui	szenario_beispielmaschine	OK	0	20.392	836.625	/home/manuel/freecad_cam/ergebnisse/abgabe-2026-10-09/gesamtstand-v4b/gui/szenario_beispielmaschine/freecad.log
gui	szenario_bestueckung	OK	0	12.325	703.809	/home/manuel/freecad_cam/ergebnisse/abgabe-2026-10-09/gesamtstand-v4b/gui/szenario_bestueckung/freecad.log
gui	szenario_bleistift	OK	0	39.327	816.734	/home/manuel/freecad_cam/ergebnisse/abgabe-2026-10-09/gesamtstand-v4b/gui/szenario_bleistift/freecad.log
gui	szenario_bohren	OK	0	19.832	741.957	/home/manuel/freecad_cam/ergebnisse/abgabe-2026-10-09/gesamtstand-v4b/gui/szenario_bohren/freecad.log
gui	szenario_bohrung	OK	0	22.323	740.543	/home/manuel/freecad_cam/ergebnisse/abgabe-2026-10-09/gesamtstand-v4b/gui/szenario_bohrung/freecad.log
gui	szenario_deckel	OK	0	50.967	818.621	/home/manuel/freecad_cam/ergebnisse/abgabe-2026-10-09/gesamtstand-v4b/gui/szenario_deckel/freecad.log
gui	szenario_durchmesser	OK	0	8.985	601.535	/home/manuel/freecad_cam/ergebnisse/abgabe-2026-10-09/gesamtstand-v4b/gui/szenario_durchmesser/freecad.log
gui	szenario_ebenen_auslassen	OK	0	48.419	795.520	/home/manuel/freecad_cam/ergebnisse/abgabe-2026-10-09/gesamtstand-v4b/gui/szenario_ebenen_auslassen/freecad.log
gui	szenario_ecken	OK	0	29.987	780.441	/home/manuel/freecad_cam/ergebnisse/abgabe-2026-10-09/gesamtstand-v4b/gui/szenario_ecken/freecad.log
gui	szenario_entgraten	OK	0	20.957	753.566	/home/manuel/freecad_cam/ergebnisse/abgabe-2026-10-09/gesamtstand-v4b/gui/szenario_entgraten/freecad.log
gui	szenario_entgraten3d	OK	0	24.000	762.812	/home/manuel/freecad_cam/ergebnisse/abgabe-2026-10-09/gesamtstand-v4b/gui/szenario_entgraten3d/freecad.log
gui	szenario_fase	OK	0	20.886	744.465	/home/manuel/freecad_cam/ergebnisse/abgabe-2026-10-09/gesamtstand-v4b/gui/szenario_fase/freecad.log
gui	szenario_felder	OK	0	7.961	644.633	/home/manuel/freecad_cam/ergebnisse/abgabe-2026-10-09/gesamtstand-v4b/gui/szenario_felder/freecad.log
gui	szenario_flaechen_pruefen	OK	0	17.321	749.641	/home/manuel/freecad_cam/ergebnisse/abgabe-2026-10-09/gesamtstand-v4b/gui/szenario_flaechen_pruefen/freecad.log
gui	szenario_flansch	OK	0	30.401	799.969	/home/manuel/freecad_cam/ergebnisse/abgabe-2026-10-09/gesamtstand-v4b/gui/szenario_flansch/freecad.log
gui	szenario_formplatte	OK	0	40.846	848.852	/home/manuel/freecad_cam/ergebnisse/abgabe-2026-10-09/gesamtstand-v4b/gui/szenario_formplatte/freecad.log
gui	szenario_gewinde	OK	0	19.622	744.801	/home/manuel/freecad_cam/ergebnisse/abgabe-2026-10-09/gesamtstand-v4b/gui/szenario_gewinde/freecad.log
gui	szenario_gewindefraesen	OK	0	24.980	744.742	/home/manuel/freecad_cam/ergebnisse/abgabe-2026-10-09/gesamtstand-v4b/gui/szenario_gewindefraesen/freecad.log
gui	szenario_grob_g550	OK	0	9.768	653.488	/home/manuel/freecad_cam/ergebnisse/abgabe-2026-10-09/gesamtstand-v4b/gui/szenario_grob_g550/freecad.log
gui	szenario_halter	OK	0	12.403	600.734	/home/manuel/freecad_cam/ergebnisse/abgabe-2026-10-09/gesamtstand-v4b/gui/szenario_halter/freecad.log
gui	szenario_halter_richtung	OK	0	9.834	602.363	/home/manuel/freecad_cam/ergebnisse/abgabe-2026-10-09/gesamtstand-v4b/gui/szenario_halter_richtung/freecad.log
gui	szenario_hilfe	OK	0	8.710	641.562	/home/manuel/freecad_cam/ergebnisse/abgabe-2026-10-09/gesamtstand-v4b/gui/szenario_hilfe/freecad.log
gui	szenario_home	OK	0	11.745	695.910	/home/manuel/freecad_cam/ergebnisse/abgabe-2026-10-09/gesamtstand-v4b/gui/szenario_home/freecad.log
gui	szenario_kollision	OK	0	16.740	707.320	/home/manuel/freecad_cam/ergebnisse/abgabe-2026-10-09/gesamtstand-v4b/gui/szenario_kollision/freecad.log
gui	szenario_kontur	OK	0	29.256	754.152	/home/manuel/freecad_cam/ergebnisse/abgabe-2026-10-09/gesamtstand-v4b/gui/szenario_kontur/freecad.log
gui	szenario_kontur_materialstand	OK	0	34.659	790.406	/home/manuel/freecad_cam/ergebnisse/abgabe-2026-10-09/gesamtstand-v4b/gui/szenario_kontur_materialstand/freecad.log
gui	szenario_kugel_angestellt	OK	0	37.547	837.254	/home/manuel/freecad_cam/ergebnisse/abgabe-2026-10-09/gesamtstand-v4b/gui/szenario_kugel_angestellt/freecad.log
gui	szenario_lagerbock	OK	0	55.500	805.398	/home/manuel/freecad_cam/ergebnisse/abgabe-2026-10-09/gesamtstand-v4b/gui/szenario_lagerbock/freecad.log
gui	szenario_loch_auffraesen	OK	0	13.470	668.688	/home/manuel/freecad_cam/ergebnisse/abgabe-2026-10-09/gesamtstand-v4b/gui/szenario_loch_auffraesen/freecad.log
gui	szenario_magazin_bearbeitung	OK	0	20.275	709.426	/home/manuel/freecad_cam/ergebnisse/abgabe-2026-10-09/gesamtstand-v4b/gui/szenario_magazin_bearbeitung/freecad.log
gui	szenario_magazin_vierachs	OK	0	14.408	722.184	/home/manuel/freecad_cam/ergebnisse/abgabe-2026-10-09/gesamtstand-v4b/gui/szenario_magazin_vierachs/freecad.log
gui	szenario_magazine	OK	0	16.326	708.340	/home/manuel/freecad_cam/ergebnisse/abgabe-2026-10-09/gesamtstand-v4b/gui/szenario_magazine/freecad.log
gui	szenario_maschine_bearbeiten	FEHLER	1	15.934	659.785	/home/manuel/freecad_cam/ergebnisse/abgabe-2026-10-09/gesamtstand-v4b/gui/szenario_maschine_bearbeiten/freecad.log
gui	szenario_maschine_merken	OK	0	25.701	716.598	/home/manuel/freecad_cam/ergebnisse/abgabe-2026-10-09/gesamtstand-v4b/gui/szenario_maschine_merken/freecad.log
gui	szenario_maschinen	OK	0	15.934	680.316	/home/manuel/freecad_cam/ergebnisse/abgabe-2026-10-09/gesamtstand-v4b/gui/szenario_maschinen/freecad.log
gui	szenario_materialstand	OK	0	29.583	794.246	/home/manuel/freecad_cam/ergebnisse/abgabe-2026-10-09/gesamtstand-v4b/gui/szenario_materialstand/freecad.log
gui	szenario_mausrad	FEHLER	0	14.099	664.172	/home/manuel/freecad_cam/ergebnisse/abgabe-2026-10-09/gesamtstand-v4b/gui/szenario_mausrad/freecad.log
gui	szenario_mulde	OK	0	32.473	852.184	/home/manuel/freecad_cam/ergebnisse/abgabe-2026-10-09/gesamtstand-v4b/gui/szenario_mulde/freecad.log
gui	szenario_neue_maschine	OK	0	33.026	668.613	/home/manuel/freecad_cam/ergebnisse/abgabe-2026-10-09/gesamtstand-v4b/gui/szenario_neue_maschine/freecad.log
gui	szenario_nut	FEHLER	0	23.891	774.055	/home/manuel/freecad_cam/ergebnisse/abgabe-2026-10-09/gesamtstand-v4b/gui/szenario_nut/freecad.log
gui	szenario_nut_durch	FEHLER	0	21.456	763.617	/home/manuel/freecad_cam/ergebnisse/abgabe-2026-10-09/gesamtstand-v4b/gui/szenario_nut_durch/freecad.log
